text-right,ng-scope src,text-right (2),mx-3 (2),mx-3 (3),table-cell-adjust-size,ng-binding,table-cell-adjust-size (2),table-cell-adjust-size (3),ng-binding (2),ng-scope src (2),table-cell-adjust-size (4),table-cell-adjust-size (5),ng-binding (3),ng-scope src (3),table-cell-adjust-size (6),table-cell-adjust-size (7),table-cell-adjust-size (8),ng-scope src (4),table-cell-adjust-size (9),table-cell-adjust-size (10),table-cell-adjust-size (11),table-cell-adjust-size (12),table-cell-adjust-size (13),ng-scope src (5),table-cell-adjust-size (14),table-cell-adjust-size (15),table-cell-adjust-size (16),ng-scope src (6),table-cell-adjust-size (17),ng-scope src (7),ng-scope src (10),table-cell-adjust-size (18),table-cell-adjust-size (19),ng-scope src (11),table-cell-adjust-size (20),table-cell-adjust-size (21),table-cell-adjust-size (22),ng-scope src (12),table-cell-adjust-size (23),table-cell-adjust-size (24),ng-scope src (13),ng-scope src (14),ng-scope src (15),ng-scope src (16),ng-scope src (17)
Bauxite,https://www.satisfactorytools.com/assets/images/items/bauxite_64.png,14140 / min,14140 / min,0 / min,12300 / min,(86.987% of production),Raw resource,445.038 / min,(3.147% of production),https://www.satisfactorytools.com/assets/images/items/bauxite_64.png,Bauxite (Caterium),1394.962 / min,(9.865% of production),https://www.satisfactorytools.com/assets/images/items/bauxite_64.png,Bauxite (Copper),14140 / min,(100% of consumption),https://www.satisfactorytools.com/assets/images/items/alumina-solution_64.png,Alternate: Sloppy Alumina,,,,,,,,,,,,,,,,,,,,,,,,,,
Caterium Ore,https://www.satisfactorytools.com/assets/images/items/caterium-ore_64.png,5759.041 / min,5759.041 / min,0 / min,5759.041 / min,(100% of production),Raw resource,556.298 / min,,https://www.satisfactorytools.com/assets/images/items/bauxite_64.png,(9.66% of consumption),Bauxite (Caterium),,,,5202.743 / min,(90.34% of consumption),https://www.satisfactorytools.com/assets/images/items/caterium-ingot_64.png,Alternate: Pure Caterium Ingot,,,,,,,,,,,,,,,,,,,,,,,,,,
Coal,https://www.satisfactorytools.com/assets/images/items/coal_64.png,27998.9 / min,27998.9 / min,0 / min,27998.9 / min,(100% of production),Raw resource,26142.84 / min,,https://www.satisfactorytools.com/assets/images/items/diamonds_64.png,(93.371% of consumption),Alternate: Turbo Diamonds,,https://www.satisfactorytools.com/assets/images/items/compacted-coal_64.png,8.333 / min,119.979 / min,(0.429% of consumption),https://www.satisfactorytools.com/assets/images/items/gas-filter_64.png,Gas Filter,(6.171% of consumption),Alternate: Solid Steel Ingot,,,,,,,,,,,,,,,,,,,,,,,,
Copper Ore,https://www.satisfactorytools.com/assets/images/items/copper-ore_64.png,36899.946 / min,36899.946 / min,0 / min,36899.946 / min,(100% of production),Raw resource,2092.446 / min,,https://www.satisfactorytools.com/assets/images/items/bauxite_64.png,(5.671% of consumption),Bauxite (Copper),,,,34807.5 / min,(94.329% of consumption),https://www.satisfactorytools.com/assets/images/items/copper-ingot_64.png,Alternate: Pure Copper Ingot,,,,,,,,,,,,,,,,,,,,,,,,,,
Crude Oil,https://www.satisfactorytools.com/assets/images/items/crude-oil_64.png,6373.04 / min,6373.04 / min,0 / min,6373.04 / min,(100% of production),Raw resource,,,https://www.satisfactorytools.com/assets/images/items/polymer-resin_64.png,,,,,,6373.04 / min,(100% of consumption),https://www.satisfactorytools.com/assets/images/items/heavy-oil-residue_64.png,Alternate: Heavy Oil Residue,,,,,,,,,,,,,,,,,,,,,,,,,,
Iron Ore,https://www.satisfactorytools.com/assets/images/items/iron-ore_64.png,22329 / min,22329 / min,0 / min,22329 / min,(100% of production),Raw resource,,,https://www.satisfactorytools.com/assets/images/items/iron-ingot_64.png,,,,,,22329 / min,(100% of consumption),,Alternate: Pure Iron Ingot,,,,,,,,,,,,,,,,,,,,,,,,,,
Limestone,https://www.satisfactorytools.com/assets/images/items/limestone_64.png,13422.655 / min,13422.655 / min,0 / min,13422.655 / min,(100% of production),Raw resource,12459 / min,,https://www.satisfactorytools.com/assets/images/items/concrete_64.png,(92.821% of consumption),Alternate: Wet Concrete,,https://www.satisfactorytools.com/assets/images/items/water_64.png,,963.655 / min,(7.179% of consumption),https://www.satisfactorytools.com/assets/images/items/silica_64.png,Alternate: Distilled Silica,,,,,,,,,,,,,,,,,,,,,,,,,,
Nitrogen Gas,https://www.satisfactorytools.com/assets/images/items/nitrogen-gas_64.png,7441.848 / min,7441.848 / min,0 / min,7441.848 / min,(100% of production),Raw resource,6961.848 / min,,https://www.satisfactorytools.com/assets/images/items/nitric-acid_64.png,(93.55% of consumption),Nitric Acid,,https://www.satisfactorytools.com/assets/images/items/cooling-system_64.png,,480 / min,(6.45% of consumption),,Alternate: Cooling Device,,,,,,,,,,,,,,,,,,,,,,,,,,
Raw Quartz,https://www.satisfactorytools.com/assets/images/items/raw-quartz_64.png,7289.039 / min,7289.039 / min,0 / min,7289.039 / min,(100% of production),Raw resource,2663.483 / min,,https://www.satisfactorytools.com/assets/images/items/quartz-crystal_64.png,(36.541% of consumption),Alternate: Pure Quartz Crystal,,https://www.satisfactorytools.com/assets/images/items/quartz-crystal_64.png,,4625.556 / min,(63.459% of consumption),https://www.satisfactorytools.com/assets/images/items/dissolved-silica_64.png,Alternate: Quartz Purification,,,,,,,,,,,,,,,,,,,,,,,,,,
SAM,https://www.satisfactorytools.com/assets/images/items/sam_64.png,10200 / min,10200 / min,0 / min,10200 / min,(100% of production),Raw resource,,,https://www.satisfactorytools.com/assets/images/items/reanimated-sam_64.png,,,,,,10200 / min,(100% of consumption),,Reanimated SAM,,,,,,,,,,,,,,,,,,,,,,,,,,
Sulfur,https://www.satisfactorytools.com/assets/images/items/sulfur_64.png,3684.43 / min,3684.43 / min,0 / min,3684.43 / min,(100% of production),Raw resource,8.333 / min,,https://www.satisfactorytools.com/assets/images/items/compacted-coal_64.png,(0.226% of consumption),Alternate: Compacted Coal,,https://www.satisfactorytools.com/assets/images/items/turbofuel_64.png,880.43 / min,5.667 / min,(0.154% of consumption),https://www.satisfactorytools.com/assets/images/items/black-powder_64.png,Alternate: Fine Black Powder,(23.896% of consumption),Alternate: Turbo Blend Fuel,90 / min,(2.443% of consumption),https://www.satisfactorytools.com/assets/images/items/battery_64.png,Alternate: Classic Battery,2100 / min,(56.997% of consumption),https://www.satisfactorytools.com/assets/images/items/encased-uranium-cell_64.png,Alternate: Infused Uranium Cell,,,,,,,,,,,,,,,,
Uranium,https://www.satisfactorytools.com/assets/images/items/uranium_64.png,2100 / min,2100 / min,0 / min,2100 / min,(100% of production),Raw resource,,,https://www.satisfactorytools.com/assets/images/items/encased-uranium-cell_64.png,,,,,,2100 / min,(100% of consumption),,Alternate: Infused Uranium Cell,,,,,,,,,,,,,,,,,,,,,,,,,,
Water,https://www.satisfactorytools.com/assets/images/items/water_64.png,88094.812 / min,88094.812 / min,0 / min,74588.101 / min,(84.668% of production),Raw resource,9898 / min,(11.236% of production),https://www.satisfactorytools.com/assets/images/items/aluminum-scrap_64.png,Alternate: Electrode Aluminum Scrap,74.985 / min,(0.085% of production),https://www.satisfactorytools.com/assets/images/items/silica_64.png,600 / min,74.985 / min,(0.085% of consumption),https://www.satisfactorytools.com/assets/images/items/fabric_64.png,Alternate: Polyester Fabric,(0.227% of consumption),Biochemical Sculptor,200 / min,(4.738% of consumption),https://www.satisfactorytools.com/assets/images/items/biochemical-sculptor_64.png,Residual Rubber,4173.68 / min,(11.786% of consumption),https://www.satisfactorytools.com/assets/images/items/rubber_64.png,Alternate: Wet Concrete,https://www.satisfactorytools.com/assets/images/items/water_64.png,https://www.satisfactorytools.com/assets/images/items/concrete_64.png,456.714 / min,(0.518% of consumption),https://www.satisfactorytools.com/assets/images/items/copper-sheet_64.png,Alternate: Steamed Copper Sheet,1479.713 / min,(1.68% of consumption),https://www.satisfactorytools.com/assets/images/items/quartz-crystal_64.png,Alternate: Pure Quartz Crystal,12759.44 / min,https://www.satisfactorytools.com/assets/images/items/iron-ingot_64.png,https://www.satisfactorytools.com/assets/images/items/copper-ingot_64.png,https://www.satisfactorytools.com/assets/images/items/caterium-ingot_64.png,https://www.satisfactorytools.com/assets/images/items/nitric-acid_64.png,https://www.satisfactorytools.com/assets/images/items/sulfuric-acid_64.png
AI Expansion Server,https://www.satisfactorytools.com/assets/images/items/ai-expansion-server_64.png,10 / min,0 / min,10 / min,10 / min,(100% of production),,AI Expansion Server,,https://www.satisfactorytools.com/assets/images/items/ai-expansion-server_64.png,,,,https://www.satisfactorytools.com/assets/images/items/dark-matter-residue_64.png,,,,,,,,,,,,,,,,,,,,,,,,,,,,,,,
AI Limiter,https://www.satisfactorytools.com/assets/images/items/ai-limiter_64.png,614.732 / min,599.732 / min,15 / min,614.732 / min,(100% of production),,Alternate: Plastic AI Limiter,,https://www.satisfactorytools.com/assets/images/items/ai-limiter_64.png,(9.004% of consumption),Supercomputer,,https://www.satisfactorytools.com/assets/images/items/supercomputer_64.png,54 / min,234.399 / min,(39.084% of consumption),https://www.satisfactorytools.com/assets/images/items/crystal-oscillator_64.png,Alternate: Insulated Crystal Oscillator,(51.912% of consumption),Electromagnetic Control Rod,311.333 / min,,https://www.satisfactorytools.com/assets/images/items/electromagnetic-control-rod_64.png,,,,,,,,,,,,,,,,,,,,,
Adaptive Control Unit,https://www.satisfactorytools.com/assets/images/items/adaptive-control-unit_64.png,20 / min,20 / min,0 / min,20 / min,(100% of production),,Adaptive Control Unit,,https://www.satisfactorytools.com/assets/images/items/adaptive-control-unit_64.png,,,,https://www.satisfactorytools.com/assets/images/items/assembly-director-system_64.png,,20 / min,(100% of consumption),,Assembly Director System,,,,,,,,,,,,,,,,,,,,,,,,,,
Alclad Aluminum Sheet,https://www.satisfactorytools.com/assets/images/items/alclad-aluminum-sheet_64.png,720 / min,690 / min,30 / min,720 / min,(100% of production),,Alclad Aluminum Sheet,,https://www.satisfactorytools.com/assets/images/items/alclad-aluminum-sheet_64.png,(84.783% of consumption),Superposition Oscillator,,https://www.satisfactorytools.com/assets/images/items/superposition-oscillator_64.png,585 / min,105 / min,(15.217% of consumption),https://www.satisfactorytools.com/assets/images/items/battery_64.png,Alternate: Classic Battery,,,,,https://www.satisfactorytools.com/assets/images/items/dark-matter-residue_64.png,,,,,,,,,,,,,,,,,,,,,
Alien Power Matrix,https://www.satisfactorytools.com/assets/images/items/alien-power-matrix_64.png,10 / min,0 / min,10 / min,10 / min,(100% of production),,Alien Power Matrix,,https://www.satisfactorytools.com/assets/images/items/alien-power-matrix_64.png,,,,https://www.satisfactorytools.com/assets/images/items/dark-matter-residue_64.png,,,,,,,,,,,,,,,,,,,,,,,,,,,,,,,
Alumina Solution,https://www.satisfactorytools.com/assets/images/items/alumina-solution_64.png,16968 / min,16968 / min,0 / min,16968 / min,(100% of production),,Alternate: Sloppy Alumina,,https://www.satisfactorytools.com/assets/images/items/alumina-solution_64.png,,,,https://www.satisfactorytools.com/assets/images/items/aluminum-scrap_64.png,,16968 / min,(100% of consumption),https://www.satisfactorytools.com/assets/images/items/water_64.png,Alternate: Electrode Aluminum Scrap,,,,,,,,,,,,,,,,,,,,,,,,,,
Aluminum Casing,https://www.satisfactorytools.com/assets/images/items/aluminum-casing_64.png,3773 / min,3743 / min,30 / min,3773 / min,(100% of production),,Alternate: Alclad Casing,,https://www.satisfactorytools.com/assets/images/items/aluminum-casing_64.png,(93.187% of consumption),Radio Control Unit,,https://www.satisfactorytools.com/assets/images/items/radio-control-unit_64.png,3488 / min,15 / min,(0.401% of consumption),https://www.satisfactorytools.com/assets/images/items/iodine-infused-filter_64.png,Iodine-Infused Filter,(6.412% of consumption),Alternate: Heat Exchanger,240 / min,,https://www.satisfactorytools.com/assets/images/items/heat-sink_64.png,,,,,,,,,,,,,,,,,,,,,
Aluminum Ingot,https://www.satisfactorytools.com/assets/images/items/aluminum-ingot_64.png,14478.99 / min,14478.99 / min,0 / min,13122.99 / min,(90.635% of production),,4013.333 / min,,https://www.satisfactorytools.com/assets/images/items/ficsite-ingot_64.png,(27.718% of consumption),1356 / min,(9.365% of production),https://www.satisfactorytools.com/assets/images/items/aluminum-ingot_64.png,Aluminum Ingot,5030.657 / min,(34.745% of consumption),https://www.satisfactorytools.com/assets/images/items/aluminum-casing_64.png,Alternate: Alclad Casing,(4.973% of consumption),Ficsite Ingot (Aluminum),720 / min,(0.104% of consumption),https://www.satisfactorytools.com/assets/images/items/alclad-aluminum-sheet_64.png,Alclad Aluminum Sheet,15 / min,(32.461% of consumption),https://www.satisfactorytools.com/assets/images/items/empty-fluid-tank_64.png,Empty Fluid Tank,https://www.satisfactorytools.com/assets/images/items/aluminum-ingot_64.png,https://www.satisfactorytools.com/assets/images/items/fused-modular-frame_64.png,4700 / min,Alternate: Pure Aluminum Ingot,,Alternate: Heat-Fused Frame,,,,,,,,,,
Aluminum Scrap,https://www.satisfactorytools.com/assets/images/items/aluminum-scrap_64.png,28279.98 / min,28279.98 / min,0 / min,28279.98 / min,(100% of production),,Alternate: Electrode Aluminum Scrap,,https://www.satisfactorytools.com/assets/images/items/aluminum-scrap_64.png,(92.808% of consumption),Alternate: Pure Aluminum Ingot,,https://www.satisfactorytools.com/assets/images/items/water_64.png,26245.98 / min,2034 / min,(7.192% of consumption),https://www.satisfactorytools.com/assets/images/items/aluminum-ingot_64.png,Aluminum Ingot,,,,,https://www.satisfactorytools.com/assets/images/items/aluminum-ingot_64.png,,,,,,,,,,,,,,,,,,,,,
Assembly Director System,https://www.satisfactorytools.com/assets/images/items/assembly-director-system_64.png,10 / min,10 / min,0 / min,10 / min,(100% of production),,Assembly Director System,,https://www.satisfactorytools.com/assets/images/items/assembly-director-system_64.png,,,,https://www.satisfactorytools.com/assets/images/items/biochemical-sculptor_64.png,,10 / min,(100% of consumption),,Biochemical Sculptor,,,,,,,,,,,,,,,,,,,,,,,,,,
Automated Wiring,https://www.satisfactorytools.com/assets/images/items/automated-wiring_64.png,100 / min,100 / min,0 / min,100 / min,(100% of production),,Automated Wiring,,https://www.satisfactorytools.com/assets/images/items/automated-wiring_64.png,,,,https://www.satisfactorytools.com/assets/images/items/adaptive-control-unit_64.png,,100 / min,(100% of consumption),,Adaptive Control Unit,,,,,,,,,,,,,,,,,,,,,,,,,,
Ballistic Warp Drive,https://www.satisfactorytools.com/assets/images/items/ballistic-warp-drive_64.png,10 / min,0 / min,10 / min,10 / min,(100% of production),,Ballistic Warp Drive,,https://www.satisfactorytools.com/assets/images/items/ballistic-warp-drive_64.png,,,,,,,,,,,,,,,,,,,,,,,,,,,,,,,,,,,
Battery,https://www.satisfactorytools.com/assets/images/items/battery_64.png,60 / min,0 / min,60 / min,60 / min,(100% of production),,Alternate: Classic Battery,,https://www.satisfactorytools.com/assets/images/items/battery_64.png,,,,,,,,,,,,,,,,,,,,,,,,,,,,,,,,,,,
Biochemical Sculptor,https://www.satisfactorytools.com/assets/images/items/biochemical-sculptor_64.png,40 / min,0 / min,40 / min,40 / min,(100% of production),,Biochemical Sculptor,,https://www.satisfactorytools.com/assets/images/items/biochemical-sculptor_64.png,,,,,,,,,,,,,,,,,,,,,,,,,,,,,,,,,,,
Black Powder,https://www.satisfactorytools.com/assets/images/items/black-powder_64.png,34 / min,34 / min,0 / min,34 / min,(100% of production),,Alternate: Fine Black Powder,,https://www.satisfactorytools.com/assets/images/items/black-powder_64.png,(88.235% of consumption),Nobelisk,,https://www.satisfactorytools.com/assets/images/items/nobelisk_64.png,30 / min,4 / min,(11.765% of consumption),https://www.satisfactorytools.com/assets/images/items/smokeless-powder_64.png,Smokeless Powder,,,,,,,,,,,,,,,,,,,,,,,,,,
Cable,https://www.satisfactorytools.com/assets/images/items/cable_64.png,2030 / min,2000 / min,30 / min,2030 / min,(100% of production),,Cable,,https://www.satisfactorytools.com/assets/images/items/cable_64.png,,,,https://www.satisfactorytools.com/assets/images/items/automated-wiring_64.png,,2000 / min,(100% of consumption),,Automated Wiring,,,,,,,,,,,,,,,,,,,,,,,,,,
Caterium Ingot,https://www.satisfactorytools.com/assets/images/items/caterium-ingot_64.png,2601.368 / min,2601.368 / min,0 / min,2601.368 / min,(100% of production),,Alternate: Pure Caterium Ingot,,https://www.satisfactorytools.com/assets/images/items/caterium-ingot_64.png,,,,https://www.satisfactorytools.com/assets/images/items/quickwire_64.png,,2601.368 / min,(100% of consumption),,Alternate: Fused Quickwire,,,,,,,,,,,,,,,,,,,,,,,,,,
Circuit Board,https://www.satisfactorytools.com/assets/images/items/circuit-board_64.png,1716.496 / min,1701.505 / min,14.991 / min,1716.496 / min,(100% of production),,Alternate: Caterium Circuit Board,,https://www.satisfactorytools.com/assets/images/items/circuit-board_64.png,(5.877% of consumption),Adaptive Control Unit,,https://www.satisfactorytools.com/assets/images/items/adaptive-control-unit_64.png,100 / min,1504.005 / min,(88.393% of consumption),https://www.satisfactorytools.com/assets/images/items/computer_64.png,Alternate: Caterium Computer,(5.73% of consumption),Alternate: Silicon High-Speed Connector,97.5 / min,,https://www.satisfactorytools.com/assets/images/items/high-speed-connector_64.png,,,,,,,,,,,,,,,,,,,,,
Compacted Coal,https://www.satisfactorytools.com/assets/images/items/compacted-coal_64.png,11.333 / min,11.333 / min,0 / min,3 / min,(26.471% of production),,,,https://www.satisfactorytools.com/assets/images/items/black-powder_64.png,,8.333 / min,(73.529% of production),https://www.satisfactorytools.com/assets/images/items/compacted-coal_64.png,Alternate: Compacted Coal,11.333 / min,(100% of consumption),https://www.satisfactorytools.com/assets/images/items/compacted-coal_64.png,Alternate: Fine Black Powder,,,,,,,,,,,https://www.satisfactorytools.com/assets/images/items/rocket-fuel_64.png,,,Rocket Fuel,,,,,,,,,,,,
Computer,https://www.satisfactorytools.com/assets/images/items/computer_64.png,376 / min,366 / min,10 / min,376 / min,(100% of production),,Alternate: Caterium Computer,,https://www.satisfactorytools.com/assets/images/items/computer_64.png,(10.929% of consumption),Adaptive Control Unit,,https://www.satisfactorytools.com/assets/images/items/adaptive-control-unit_64.png,40 / min,218 / min,(59.563% of consumption),https://www.satisfactorytools.com/assets/images/items/radio-control-unit_64.png,Radio Control Unit,(29.508% of consumption),Supercomputer,108 / min,,https://www.satisfactorytools.com/assets/images/items/supercomputer_64.png,,,,,,,,,,,,,,,,,,,,,
Concrete,https://www.satisfactorytools.com/assets/images/items/concrete_64.png,8306 / min,8246 / min,60 / min,8306 / min,(100% of production),,Alternate: Wet Concrete,,https://www.satisfactorytools.com/assets/images/items/concrete_64.png,(14.553% of consumption),Encased Plutonium Cell,,https://www.satisfactorytools.com/assets/images/items/encased-plutonium-cell_64.png,1200 / min,3800 / min,(46.083% of consumption),https://www.satisfactorytools.com/assets/images/items/singularity-cell_64.png,Singularity Cell,(27.892% of consumption),Alternate: Encased Industrial Pipe,2300 / min,(11.472% of consumption),https://www.satisfactorytools.com/assets/images/items/encased-industrial-beam_64.png,Alternate: Heavy Encased Frame,946 / min,,https://www.satisfactorytools.com/assets/images/items/heavy-modular-frame_64.png,,,,,,,,,,,,,,,,,
Cooling System,https://www.satisfactorytools.com/assets/images/items/cooling-system_64.png,40 / min,30 / min,10 / min,40 / min,(100% of production),,Alternate: Cooling Device,,https://www.satisfactorytools.com/assets/images/items/cooling-system_64.png,,,,https://www.satisfactorytools.com/assets/images/items/thermal-propulsion-rocket_64.png,,30 / min,(100% of consumption),,Thermal Propulsion Rocket,,,,,,,,,,,,,,,,,,,,,,,,,,
Copper Ingot,https://www.satisfactorytools.com/assets/images/items/copper-ingot_64.png,87018.75 / min,87018.75 / min,0 / min,87018.75 / min,(100% of production),,Alternate: Pure Copper Ingot,,https://www.satisfactorytools.com/assets/images/items/copper-ingot_64.png,(0.525% of consumption),Alternate: Steamed Copper Sheet,,https://www.satisfactorytools.com/assets/images/items/copper-sheet_64.png,456.714 / min,13006.701 / min,(14.947% of consumption),https://www.satisfactorytools.com/assets/images/items/quickwire_64.png,Alternate: Fused Quickwire,(0.276% of consumption),Alclad Aluminum Sheet,240 / min,(81.362% of consumption),https://www.satisfactorytools.com/assets/images/items/alclad-aluminum-sheet_64.png,Copper Powder,70800 / min,(2.891% of consumption),https://www.satisfactorytools.com/assets/images/items/copper-powder_64.png,Alternate: Alclad Casing,,https://www.satisfactorytools.com/assets/images/items/aluminum-casing_64.png,2515.335 / min,,,,,,,,,,,,,
Copper Powder,https://www.satisfactorytools.com/assets/images/items/copper-powder_64.png,11800 / min,11800 / min,0 / min,11800 / min,(100% of production),,Copper Powder,,https://www.satisfactorytools.com/assets/images/items/copper-powder_64.png,,,,https://www.satisfactorytools.com/assets/images/items/nuclear-pasta_64.png,,11800 / min,(100% of consumption),,Nuclear Pasta,,,,,,,,,,,,,,,,,,,,,,,,,,
Copper Sheet,https://www.satisfactorytools.com/assets/images/items/copper-sheet_64.png,456.714 / min,441.714 / min,15 / min,456.714 / min,(100% of production),,Alternate: Steamed Copper Sheet,,https://www.satisfactorytools.com/assets/images/items/copper-sheet_64.png,(98.642% of consumption),Alternate: Coated Iron Canister,,https://www.satisfactorytools.com/assets/images/items/empty-canister_64.png,435.714 / min,6 / min,(1.358% of consumption),https://www.satisfactorytools.com/assets/images/items/rifle-ammo_64.png,Rifle Ammo,,,,,,,,,,,,,,,,,,,,,,,,,,
Crystal Oscillator,https://www.satisfactorytools.com/assets/images/items/crystal-oscillator_64.png,234.399 / min,224.4 / min,9.999 / min,234.399 / min,(100% of production),,Alternate: Insulated Crystal Oscillator,,https://www.satisfactorytools.com/assets/images/items/crystal-oscillator_64.png,(28.966% of consumption),Superposition Oscillator,,https://www.satisfactorytools.com/assets/images/items/superposition-oscillator_64.png,65 / min,50.4 / min,(22.46% of consumption),https://www.satisfactorytools.com/assets/images/items/uranium-fuel-rod_64.png,Alternate: Uranium Fuel Unit,(48.574% of consumption),Radio Control Unit,109 / min,,https://www.satisfactorytools.com/assets/images/items/dark-matter-residue_64.png,,,,https://www.satisfactorytools.com/assets/images/items/radio-control-unit_64.png,,,,,,,,,,,,,,,,,
Dark Matter Crystal,https://www.satisfactorytools.com/assets/images/items/dark-matter-crystal_64.png,1601.429 / min,1601.429 / min,0 / min,1601.429 / min,(100% of production),,Alternate: Dark Matter Trap,,https://www.satisfactorytools.com/assets/images/items/dark-matter-crystal_64.png,(24.353% of consumption),Superposition Oscillator,,https://www.satisfactorytools.com/assets/images/items/superposition-oscillator_64.png,390 / min,431.429 / min,(26.94% of consumption),https://www.satisfactorytools.com/assets/images/items/power-shard_64.png,Synthetic Power Shard,(23.729% of consumption),Singularity Cell,380 / min,(24.978% of consumption),https://www.satisfactorytools.com/assets/images/items/dark-matter-residue_64.png,Ballistic Warp Drive,400 / min,,https://www.satisfactorytools.com/assets/images/items/singularity-cell_64.png,,https://www.satisfactorytools.com/assets/images/items/dark-matter-residue_64.png,https://www.satisfactorytools.com/assets/images/items/ballistic-warp-drive_64.png,,,,,,,,,,,,,,
Dark Matter Residue,https://www.satisfactorytools.com/assets/images/items/dark-matter-residue_64.png,6003.574 / min,6003.574 / min,0 / min,1625 / min,(27.067% of production),,300 / min,(4.997% of production),https://www.satisfactorytools.com/assets/images/items/neural-quantum-processor_64.png,Neural-Quantum Processor,2588.574 / min,(43.117% of production),https://www.satisfactorytools.com/assets/images/items/power-shard_64.png,250 / min,1999.999 / min,(33.313% of consumption),https://www.satisfactorytools.com/assets/images/items/superposition-oscillator_64.png,Ficsonium,(66.687% of consumption),Alternate: Dark Matter Trap,1000 / min,AI Expansion Server,https://www.satisfactorytools.com/assets/images/items/dark-matter-crystal_64.png,Ficsonium Fuel Rod,240 / min,Alien Power Matrix,https://www.satisfactorytools.com/assets/images/items/dark-matter-residue_64.png,Synthetic Power Shard,https://www.satisfactorytools.com/assets/images/items/dark-matter-residue_64.png,https://www.satisfactorytools.com/assets/images/items/ai-expansion-server_64.png,4003.575 / min,Superposition Oscillator,https://www.satisfactorytools.com/assets/images/items/dark-matter-residue_64.png,,,,https://www.satisfactorytools.com/assets/images/items/ficsonium-fuel-rod_64.png,,,https://www.satisfactorytools.com/assets/images/items/dark-matter-residue_64.png,https://www.satisfactorytools.com/assets/images/items/alien-power-matrix_64.png,https://www.satisfactorytools.com/assets/images/items/dark-matter-residue_64.png,https://www.satisfactorytools.com/assets/images/items/dark-matter-residue_64.png,https://www.satisfactorytools.com/assets/images/items/ficsonium_64.png
Diamonds,https://www.satisfactorytools.com/assets/images/items/diamonds_64.png,2614.284 / min,2614.284 / min,0 / min,2614.284 / min,(100% of production),,Alternate: Turbo Diamonds,,https://www.satisfactorytools.com/assets/images/items/diamonds_64.png,,,,https://www.satisfactorytools.com/assets/images/items/time-crystal_64.png,,2614.284 / min,(100% of consumption),,Time Crystal,,,,,,,,,,,,,,,,,,,,,,,,,,
Dissolved Silica,https://www.satisfactorytools.com/assets/images/items/dissolved-silica_64.png,2312.772 / min,2312.772 / min,0 / min,2312.772 / min,(100% of production),,Alternate: Quartz Purification,,https://www.satisfactorytools.com/assets/images/items/quartz-crystal_64.png,,,,https://www.satisfactorytools.com/assets/images/items/dissolved-silica_64.png,,2312.772 / min,(100% of consumption),https://www.satisfactorytools.com/assets/images/items/silica_64.png,Alternate: Distilled Silica,,,,,,,,,,,https://www.satisfactorytools.com/assets/images/items/water_64.png,,,,,,,,,,,,,,,
Electromagnetic Control Rod,https://www.satisfactorytools.com/assets/images/items/electromagnetic-control-rod_64.png,311.333 / min,311.333 / min,0 / min,311.333 / min,(100% of production),,Electromagnetic Control Rod,,https://www.satisfactorytools.com/assets/images/items/electromagnetic-control-rod_64.png,(3.212% of consumption),Magnetic Field Generator,,https://www.satisfactorytools.com/assets/images/items/magnetic-field-generator_64.png,10 / min,100 / min,(32.12% of consumption),https://www.satisfactorytools.com/assets/images/items/ficsonium-fuel-rod_64.png,Ficsonium Fuel Rod,(10.707% of consumption),Alternate: Turbo Electric Motor,33.333 / min,(53.962% of consumption),https://www.satisfactorytools.com/assets/images/items/turbo-motor_64.png,Alternate: Uranium Fuel Unit,168 / min,,https://www.satisfactorytools.com/assets/images/items/uranium-fuel-rod_64.png,,https://www.satisfactorytools.com/assets/images/items/dark-matter-residue_64.png,,,,,,,,,,,,,,,
Empty Canister,https://www.satisfactorytools.com/assets/images/items/empty-canister_64.png,1742.856 / min,1742.856 / min,0 / min,1742.856 / min,(100% of production),,Alternate: Coated Iron Canister,,https://www.satisfactorytools.com/assets/images/items/empty-canister_64.png,,,,https://www.satisfactorytools.com/assets/images/items/packaged-turbofuel_64.png,,1742.856 / min,(100% of consumption),,Packaged Turbofuel,,,,,,,,,,,,,,,,,,,,,,,,,,
Empty Fluid Tank,https://www.satisfactorytools.com/assets/images/items/empty-fluid-tank_64.png,15 / min,15 / min,0 / min,15 / min,(100% of production),,Empty Fluid Tank,,https://www.satisfactorytools.com/assets/images/items/empty-fluid-tank_64.png,,,,https://www.satisfactorytools.com/assets/images/items/packaged-rocket-fuel_64.png,,15 / min,(100% of consumption),,Packaged Rocket Fuel,,,,,,,,,,,,,,,,,,,,,,,,,,
Encased Industrial Beam,https://www.satisfactorytools.com/assets/images/items/encased-industrial-beam_64.png,460 / min,430 / min,30 / min,460 / min,(100% of production),,Alternate: Encased Industrial Pipe,,https://www.satisfactorytools.com/assets/images/items/encased-industrial-beam_64.png,,,,https://www.satisfactorytools.com/assets/images/items/heavy-modular-frame_64.png,,430 / min,(100% of consumption),,Alternate: Heavy Encased Frame,,,,,,,,,,,,,,,,,,,,,,,,,,
Encased Plutonium Cell,https://www.satisfactorytools.com/assets/images/items/encased-plutonium-cell_64.png,300 / min,300 / min,0 / min,300 / min,(100% of production),,Encased Plutonium Cell,,https://www.satisfactorytools.com/assets/images/items/encased-plutonium-cell_64.png,,,,https://www.satisfactorytools.com/assets/images/items/plutonium-fuel-rod_64.png,,300 / min,(100% of consumption),,Alternate: Plutonium Fuel Unit,,,,,,,,,,,,,,,,,,,,,,,,,,
Encased Uranium Cell,https://www.satisfactorytools.com/assets/images/items/encased-uranium-cell_64.png,1680 / min,1680 / min,0 / min,1680 / min,(100% of production),,Alternate: Infused Uranium Cell,,https://www.satisfactorytools.com/assets/images/items/encased-uranium-cell_64.png,,,,https://www.satisfactorytools.com/assets/images/items/uranium-fuel-rod_64.png,,1680 / min,(100% of consumption),,Alternate: Uranium Fuel Unit,,,,,,,,,,,,,,,,,,,,,,,,,,
Excited Photonic Matter,https://www.satisfactorytools.com/assets/images/items/excited-photonic-matter_64.png,6003.574 / min,6003.574 / min,0 / min,6003.574 / min,(100% of production),,Excited Photonic Matter,,https://www.satisfactorytools.com/assets/images/items/excited-photonic-matter_64.png,(27.067% of consumption),Superposition Oscillator,,https://www.satisfactorytools.com/assets/images/items/superposition-oscillator_64.png,1625 / min,2588.574 / min,(43.117% of consumption),https://www.satisfactorytools.com/assets/images/items/power-shard_64.png,Synthetic Power Shard,(4.997% of consumption),Neural-Quantum Processor,300 / min,(4.164% of consumption),https://www.satisfactorytools.com/assets/images/items/dark-matter-residue_64.png,AI Expansion Server,250 / min,(16.657% of consumption),https://www.satisfactorytools.com/assets/images/items/neural-quantum-processor_64.png,Ficsonium Fuel Rod,https://www.satisfactorytools.com/assets/images/items/dark-matter-residue_64.png,https://www.satisfactorytools.com/assets/images/items/dark-matter-residue_64.png,1000 / min,(3.998% of consumption),https://www.satisfactorytools.com/assets/images/items/ai-expansion-server_64.png,Alien Power Matrix,240 / min,,https://www.satisfactorytools.com/assets/images/items/dark-matter-residue_64.png,,,https://www.satisfactorytools.com/assets/images/items/ficsonium-fuel-rod_64.png,https://www.satisfactorytools.com/assets/images/items/dark-matter-residue_64.png,https://www.satisfactorytools.com/assets/images/items/alien-power-matrix_64.png,https://www.satisfactorytools.com/assets/images/items/dark-matter-residue_64.png,
Fabric,https://www.satisfactorytools.com/assets/images/items/fabric_64.png,75 / min,60 / min,15 / min,75 / min,(100% of production),,Alternate: Polyester Fabric,,https://www.satisfactorytools.com/assets/images/items/fabric_64.png,,,,https://www.satisfactorytools.com/assets/images/items/gas-filter_64.png,,60 / min,(100% of consumption),,Gas Filter,,,,,,,,,,,,,,,,,,,,,,,,,,
Ficsite Ingot,https://www.satisfactorytools.com/assets/images/items/ficsite-ingot_64.png,1003.333 / min,1003.333 / min,0 / min,1003.333 / min,(100% of production),,Ficsite Ingot (Aluminum),,https://www.satisfactorytools.com/assets/images/items/ficsite-ingot_64.png,,,,https://www.satisfactorytools.com/assets/images/items/ficsite-trigon_64.png,,1003.333 / min,(100% of consumption),,Ficsite Trigon,,,,,,,,,,,,,,,,,,,,,,,,,,
Ficsite Trigon,https://www.satisfactorytools.com/assets/images/items/ficsite-trigon_64.png,3010 / min,2980 / min,30 / min,3010 / min,(100% of production),,Ficsite Trigon,,https://www.satisfactorytools.com/assets/images/items/ficsite-trigon_64.png,(6.04% of consumption),Neural-Quantum Processor,,https://www.satisfactorytools.com/assets/images/items/neural-quantum-processor_64.png,180 / min,2000 / min,(67.114% of consumption),https://www.satisfactorytools.com/assets/images/items/ficsonium-fuel-rod_64.png,Ficsonium Fuel Rod,(26.846% of consumption),Biochemical Sculptor,800 / min,,https://www.satisfactorytools.com/assets/images/items/dark-matter-residue_64.png,,,,https://www.satisfactorytools.com/assets/images/items/biochemical-sculptor_64.png,,https://www.satisfactorytools.com/assets/images/items/dark-matter-residue_64.png,,,,,,,,,,,,,,,
Ficsonium,https://www.satisfactorytools.com/assets/images/items/ficsonium_64.png,100 / min,100 / min,0 / min,100 / min,(100% of production),,Ficsonium,,https://www.satisfactorytools.com/assets/images/items/ficsonium_64.png,,,,https://www.satisfactorytools.com/assets/images/items/ficsonium-fuel-rod_64.png,,100 / min,(100% of consumption),https://www.satisfactorytools.com/assets/images/items/dark-matter-residue_64.png,Ficsonium Fuel Rod,,,,,,,,,,,,,,,,,,,,,,,,,,
Ficsonium Fuel Rod,https://www.satisfactorytools.com/assets/images/items/ficsonium-fuel-rod_64.png,50 / min,0 / min,50 / min,50 / min,(100% of production),,Ficsonium Fuel Rod,,https://www.satisfactorytools.com/assets/images/items/ficsonium-fuel-rod_64.png,,,,https://www.satisfactorytools.com/assets/images/items/dark-matter-residue_64.png,,,,,,,,,,,,,,,,,,,,,,,,,,,,,,,
Fuel,https://www.satisfactorytools.com/assets/images/items/fuel_64.png,10285.333 / min,10285.333 / min,0 / min,10285.333 / min,(100% of production),,Alternate: Diluted Fuel,,https://www.satisfactorytools.com/assets/images/items/fuel_64.png,(36.762% of consumption),Alternate: Recycled Rubber,,https://www.satisfactorytools.com/assets/images/items/rubber_64.png,3781.11 / min,4977.27 / min,(48.392% of consumption),https://www.satisfactorytools.com/assets/images/items/plastic_64.png,Alternate: Recycled Plastic,(5.707% of consumption),Alternate: Turbo Blend Fuel,586.953 / min,(9.139% of consumption),https://www.satisfactorytools.com/assets/images/items/turbofuel_64.png,Alternate: Heat-Fused Frame,940 / min,,https://www.satisfactorytools.com/assets/images/items/fused-modular-frame_64.png,,,,,,,,,,,,,,,,,
Fused Modular Frame,https://www.satisfactorytools.com/assets/images/items/fused-modular-frame_64.png,94 / min,84 / min,10 / min,94 / min,(100% of production),,Alternate: Heat-Fused Frame,,https://www.satisfactorytools.com/assets/images/items/fused-modular-frame_64.png,(88.095% of consumption),Pressure Conversion Cube,,https://www.satisfactorytools.com/assets/images/items/pressure-conversion-cube_64.png,74 / min,10 / min,(11.905% of consumption),https://www.satisfactorytools.com/assets/images/items/thermal-propulsion-rocket_64.png,Thermal Propulsion Rocket,,,,,,,,,,,,,,,,,,,,,,,,,,
Gas Filter,https://www.satisfactorytools.com/assets/images/items/gas-filter_64.png,30 / min,15 / min,15 / min,30 / min,(100% of production),,Gas Filter,,https://www.satisfactorytools.com/assets/images/items/gas-filter_64.png,,,,https://www.satisfactorytools.com/assets/images/items/iodine-infused-filter_64.png,,15 / min,(100% of consumption),,Iodine-Infused Filter,,,,,,,,,,,,,,,,,,,,,,,,,,
Heat Sink,https://www.satisfactorytools.com/assets/images/items/heat-sink_64.png,80 / min,80 / min,0 / min,80 / min,(100% of production),,Alternate: Heat Exchanger,,https://www.satisfactorytools.com/assets/images/items/heat-sink_64.png,,,,https://www.satisfactorytools.com/assets/images/items/cooling-system_64.png,,80 / min,(100% of consumption),,Alternate: Cooling Device,,,,,,,,,,,,,,,,,,,,,,,,,,
Heavy Modular Frame,https://www.satisfactorytools.com/assets/images/items/heavy-modular-frame_64.png,129 / min,114 / min,15 / min,129 / min,(100% of production),,Alternate: Heavy Encased Frame,,https://www.satisfactorytools.com/assets/images/items/heavy-modular-frame_64.png,(17.544% of consumption),Adaptive Control Unit,,https://www.satisfactorytools.com/assets/images/items/adaptive-control-unit_64.png,20 / min,94 / min,(82.456% of consumption),https://www.satisfactorytools.com/assets/images/items/fused-modular-frame_64.png,Alternate: Heat-Fused Frame,,,,,,,,,,,,,,,,,,,,,,,,,,
Heavy Oil Residue,https://www.satisfactorytools.com/assets/images/items/heavy-oil-residue_64.png,8497.4 / min,8497.4 / min,0 / min,8497.4 / min,(100% of production),,Alternate: Heavy Oil Residue,,https://www.satisfactorytools.com/assets/images/items/heavy-oil-residue_64.png,(25.641% of consumption),Petroleum Coke,,https://www.satisfactorytools.com/assets/images/items/polymer-resin_64.png,2178.808 / min,1.986 / min,(0.023% of consumption),https://www.satisfactorytools.com/assets/images/items/smokeless-powder_64.png,Smokeless Powder,(13.815% of consumption),Alternate: Turbo Blend Fuel,1173.906 / min,(60.521% of consumption),https://www.satisfactorytools.com/assets/images/items/petroleum-coke_64.png,Alternate: Diluted Fuel,5142.7 / min,,https://www.satisfactorytools.com/assets/images/items/turbofuel_64.png,,,https://www.satisfactorytools.com/assets/images/items/fuel_64.png,,,,,,,,,,,,,,
High-Speed Connector,https://www.satisfactorytools.com/assets/images/items/high-speed-connector_64.png,97.5 / min,82.5 / min,15 / min,97.5 / min,(100% of production),,Alternate: Silicon High-Speed Connector,,https://www.satisfactorytools.com/assets/images/items/high-speed-connector_64.png,(98.182% of consumption),Supercomputer,,https://www.satisfactorytools.com/assets/images/items/supercomputer_64.png,81 / min,1.5 / min,(1.818% of consumption),https://www.satisfactorytools.com/assets/images/items/homing-rifle-ammo_64.png,Homing Rifle Ammo,,,,,,,,,,,,,,,,,,,,,,,,,,
Homing Rifle Ammo,https://www.satisfactorytools.com/assets/images/items/homing-rifle-ammo_64.png,15 / min,0 / min,15 / min,15 / min,(100% of production),,Homing Rifle Ammo,,https://www.satisfactorytools.com/assets/images/items/homing-rifle-ammo_64.png,,,,,,,,,,,,,,,,,,,,,,,,,,,,,,,,,,,
Iodine-Infused Filter,https://www.satisfactorytools.com/assets/images/items/iodine-infused-filter_64.png,15 / min,0 / min,15 / min,15 / min,(100% of production),,Iodine-Infused Filter,,https://www.satisfactorytools.com/assets/images/items/iodine-infused-filter_64.png,,,,,,,,,,,,,,,,,,,,,,,,,,,,,,,,,,,
Iron Ingot,https://www.satisfactorytools.com/assets/images/items/iron-ingot_64.png,41468.181 / min,41468.181 / min,0 / min,41468.181 / min,(100% of production),,Alternate: Pure Iron Ingot,,https://www.satisfactorytools.com/assets/images/items/iron-ingot_64.png,(6.737% of consumption),Alternate: Coated Iron Plate,,https://www.satisfactorytools.com/assets/images/items/iron-plate_64.png,2793.709 / min,1727.734 / min,(4.166% of consumption),https://www.satisfactorytools.com/assets/images/items/steel-ingot_64.png,Alternate: Solid Steel Ingot,(68.332% of consumption),Alternate: Iron Pipe,28336 / min,(20.765% of consumption),https://www.satisfactorytools.com/assets/images/items/steel-pipe_64.png,Alternate: Iron Wire,8610.738 / min,,https://www.satisfactorytools.com/assets/images/items/wire_64.png,,,,,,,,,,,,,,,,,
Iron Plate,https://www.satisfactorytools.com/assets/images/items/iron-plate_64.png,5587.407 / min,5527.407 / min,60 / min,5587.407 / min,(100% of production),,Alternate: Coated Iron Plate,,https://www.satisfactorytools.com/assets/images/items/iron-plate_64.png,(15.766% of consumption),Alternate: Coated Iron Canister,,https://www.satisfactorytools.com/assets/images/items/empty-canister_64.png,871.428 / min,60 / min,(1.085% of consumption),https://www.satisfactorytools.com/assets/images/items/gas-filter_64.png,Gas Filter,(10.496% of consumption),Nitric Acid,580.154 / min,(38.279% of consumption),https://www.satisfactorytools.com/assets/images/items/nitric-acid_64.png,Alternate: Stitched Iron Plate,2115.825 / min,(34.374% of consumption),https://www.satisfactorytools.com/assets/images/items/reinforced-iron-plate_64.png,Singularity Cell,,https://www.satisfactorytools.com/assets/images/items/singularity-cell_64.png,1900 / min,,,,,,,,,,,,,
Iron Rod,https://www.satisfactorytools.com/assets/images/items/iron-rod_64.png,8206.5 / min,8146.5 / min,60 / min,8206.5 / min,(100% of production),,Alternate: Steel Rod,,https://www.satisfactorytools.com/assets/images/items/iron-rod_64.png,(28.466% of consumption),Modular Frame,,https://www.satisfactorytools.com/assets/images/items/modular-frame_64.png,2319 / min,3237.5 / min,(39.741% of consumption),https://www.satisfactorytools.com/assets/images/items/screw_64.png,Screw,(31.793% of consumption),Rotor,2590 / min,,https://www.satisfactorytools.com/assets/images/items/rotor_64.png,,,,,,,,,,,,,,,,,,,,,
Magnetic Field Generator,https://www.satisfactorytools.com/assets/images/items/magnetic-field-generator_64.png,10 / min,10 / min,0 / min,10 / min,(100% of production),,Magnetic Field Generator,,https://www.satisfactorytools.com/assets/images/items/magnetic-field-generator_64.png,,,,https://www.satisfactorytools.com/assets/images/items/ai-expansion-server_64.png,,10 / min,(100% of consumption),https://www.satisfactorytools.com/assets/images/items/dark-matter-residue_64.png,AI Expansion Server,,,,,,,,,,,,,,,,,,,,,,,,,,
Modular Engine,https://www.satisfactorytools.com/assets/images/items/modular-engine_64.png,25 / min,25 / min,0 / min,25 / min,(100% of production),,Modular Engine,,https://www.satisfactorytools.com/assets/images/items/modular-engine_64.png,,,,https://www.satisfactorytools.com/assets/images/items/thermal-propulsion-rocket_64.png,,25 / min,(100% of consumption),,Thermal Propulsion Rocket,,,,,,,,,,,,,,,,,,,,,,,,,,
Modular Frame,https://www.satisfactorytools.com/assets/images/items/modular-frame_64.png,386.5 / min,356.5 / min,30 / min,386.5 / min,(100% of production),,Modular Frame,,https://www.satisfactorytools.com/assets/images/items/modular-frame_64.png,(3.506% of consumption),Alternate: Flexible Framework,,https://www.satisfactorytools.com/assets/images/items/versatile-framework_64.png,12.5 / min,344 / min,(96.494% of consumption),https://www.satisfactorytools.com/assets/images/items/heavy-modular-frame_64.png,Alternate: Heavy Encased Frame,,,,,,,,,,,,,,,,,,,,,,,,,,
Motor,https://www.satisfactorytools.com/assets/images/items/motor_64.png,131.667 / min,116.667 / min,15 / min,131.667 / min,(100% of production),,Motor,,https://www.satisfactorytools.com/assets/images/items/motor_64.png,(42.857% of consumption),Modular Engine,,https://www.satisfactorytools.com/assets/images/items/modular-engine_64.png,50 / min,46.667 / min,(40% of consumption),https://www.satisfactorytools.com/assets/images/items/turbo-motor_64.png,Alternate: Turbo Electric Motor,(17.143% of consumption),Alternate: Cooling Device,20 / min,,https://www.satisfactorytools.com/assets/images/items/cooling-system_64.png,,,,,,,,,,,,,,,,,,,,,
Neural-Quantum Processor,https://www.satisfactorytools.com/assets/images/items/neural-quantum-processor_64.png,12 / min,10 / min,2 / min,12 / min,(100% of production),,Neural-Quantum Processor,,https://www.satisfactorytools.com/assets/images/items/neural-quantum-processor_64.png,,,,https://www.satisfactorytools.com/assets/images/items/dark-matter-residue_64.png,,10 / min,(100% of consumption),https://www.satisfactorytools.com/assets/images/items/ai-expansion-server_64.png,AI Expansion Server,,,,,,,,,,,https://www.satisfactorytools.com/assets/images/items/dark-matter-residue_64.png,,,,,,,,,,,,,,,
Nitric Acid,https://www.satisfactorytools.com/assets/images/items/nitric-acid_64.png,1740.462 / min,1740.462 / min,0 / min,1740.462 / min,(100% of production),,Nitric Acid,,https://www.satisfactorytools.com/assets/images/items/nitric-acid_64.png,(0.172% of consumption),Rocket Fuel,,https://www.satisfactorytools.com/assets/images/items/rocket-fuel_64.png,3 / min,385.462 / min,(22.147% of consumption),https://www.satisfactorytools.com/assets/images/items/quartz-crystal_64.png,Alternate: Quartz Purification,(34.474% of consumption),Non-Fissile Uranium,600 / min,(43.207% of consumption),https://www.satisfactorytools.com/assets/images/items/compacted-coal_64.png,Alternate: Heat-Fused Frame,752 / min,,https://www.satisfactorytools.com/assets/images/items/non-fissile-uranium_64.png,,https://www.satisfactorytools.com/assets/images/items/dissolved-silica_64.png,https://www.satisfactorytools.com/assets/images/items/water_64.png,,,https://www.satisfactorytools.com/assets/images/items/fused-modular-frame_64.png,,,,,,,,,,,
Nobelisk,https://www.satisfactorytools.com/assets/images/items/nobelisk_64.png,15 / min,0 / min,15 / min,15 / min,(100% of production),,Nobelisk,,https://www.satisfactorytools.com/assets/images/items/nobelisk_64.png,,,,,,,,,,,,,,,,,,,,,,,,,,,,,,,,,,,
Non-Fissile Uranium,https://www.satisfactorytools.com/assets/images/items/non-fissile-uranium_64.png,2000 / min,2000 / min,0 / min,2000 / min,(100% of production),,Non-Fissile Uranium,,https://www.satisfactorytools.com/assets/images/items/non-fissile-uranium_64.png,,,,https://www.satisfactorytools.com/assets/images/items/water_64.png,,2000 / min,(100% of consumption),https://www.satisfactorytools.com/assets/images/items/plutonium-pellet_64.png,Plutonium Pellet,,,,,,,,,,,,,,,,,,,,,,,,,,
Nuclear Pasta,https://www.satisfactorytools.com/assets/images/items/nuclear-pasta_64.png,59 / min,19 / min,40 / min,59 / min,(100% of production),,Nuclear Pasta,,https://www.satisfactorytools.com/assets/images/items/nuclear-pasta_64.png,,,,https://www.satisfactorytools.com/assets/images/items/singularity-cell_64.png,,19 / min,(100% of consumption),,Singularity Cell,,,,,,,,,,,,,,,,,,,,,,,,,,
Packaged Rocket Fuel,https://www.satisfactorytools.com/assets/images/items/packaged-rocket-fuel_64.png,15 / min,0 / min,15 / min,15 / min,(100% of production),,Packaged Rocket Fuel,,https://www.satisfactorytools.com/assets/images/items/packaged-rocket-fuel_64.png,,,,,,,,,,,,,,,,,,,,,,,,,,,,,,,,,,,
Packaged Turbofuel,https://www.satisfactorytools.com/assets/images/items/packaged-turbofuel_64.png,1742.856 / min,1742.856 / min,0 / min,1742.856 / min,(100% of production),,Packaged Turbofuel,,https://www.satisfactorytools.com/assets/images/items/packaged-turbofuel_64.png,,,,https://www.satisfactorytools.com/assets/images/items/diamonds_64.png,,1742.856 / min,(100% of consumption),,Alternate: Turbo Diamonds,,,,,,,,,,,,,,,,,,,,,,,,,,
Petroleum Coke,https://www.satisfactorytools.com/assets/images/items/petroleum-coke_64.png,6536.424 / min,6536.424 / min,0 / min,6536.424 / min,(100% of production),,Petroleum Coke,,https://www.satisfactorytools.com/assets/images/items/petroleum-coke_64.png,(86.53% of consumption),Alternate: Electrode Aluminum Scrap,,https://www.satisfactorytools.com/assets/images/items/aluminum-scrap_64.png,5656 / min,880.424 / min,(13.47% of consumption),https://www.satisfactorytools.com/assets/images/items/turbofuel_64.png,Alternate: Turbo Blend Fuel,,,,,https://www.satisfactorytools.com/assets/images/items/water_64.png,,,,,,,,,,,,,,,,,,,,,
Plastic,https://www.satisfactorytools.com/assets/images/items/plastic_64.png,9954.541 / min,9894.558 / min,59.983 / min,9954.541 / min,(100% of production),,Alternate: Recycled Plastic,,https://www.satisfactorytools.com/assets/images/items/plastic_64.png,(38.214% of consumption),Alternate: Recycled Rubber,,https://www.satisfactorytools.com/assets/images/items/rubber_64.png,3781.11 / min,2452.138 / min,(24.783% of consumption),https://www.satisfactorytools.com/assets/images/items/circuit-board_64.png,Alternate: Caterium Circuit Board,(0.758% of consumption),Alternate: Plastic Smart Plating,75 / min,(5.647% of consumption),https://www.satisfactorytools.com/assets/images/items/smart-plating_64.png,Alternate: Coated Iron Plate,558.742 / min,(7.641% of consumption),https://www.satisfactorytools.com/assets/images/items/iron-plate_64.png,Supercomputer,,https://www.satisfactorytools.com/assets/images/items/supercomputer_64.png,756 / min,(1.213% of consumption),https://www.satisfactorytools.com/assets/images/items/battery_64.png,Alternate: Classic Battery,120 / min,(21.745% of consumption),https://www.satisfactorytools.com/assets/images/items/ai-limiter_64.png,Alternate: Plastic AI Limiter,2151.568 / min,,,,,
Plutonium Fuel Rod,https://www.satisfactorytools.com/assets/images/items/plutonium-fuel-rod_64.png,15 / min,0 / min,15 / min,15 / min,(100% of production),,Alternate: Plutonium Fuel Unit,,https://www.satisfactorytools.com/assets/images/items/plutonium-fuel-rod_64.png,,,,,,,,,,,,,,,,,,,,,,,,,,,,,,,,,,,
Plutonium Pellet,https://www.satisfactorytools.com/assets/images/items/plutonium-pellet_64.png,600 / min,600 / min,0 / min,600 / min,(100% of production),,Plutonium Pellet,,https://www.satisfactorytools.com/assets/images/items/plutonium-pellet_64.png,,,,https://www.satisfactorytools.com/assets/images/items/encased-plutonium-cell_64.png,,600 / min,(100% of consumption),,Encased Plutonium Cell,,,,,,,,,,,,,,,,,,,,,,,,,,
Plutonium Waste,https://www.satisfactorytools.com/assets/images/items/plutonium-waste_64.png,0 / min,100 / min,-100 / min,100 / min,,Input,,,https://www.satisfactorytools.com/assets/images/items/ficsonium_64.png,,,,,,100 / min,(100% of consumption),,Ficsonium,,,,,,,,,,,,,,,,,,,,,,,,,,
Polymer Resin,https://www.satisfactorytools.com/assets/images/items/polymer-resin_64.png,4248.68 / min,4248.68 / min,0 / min,4248.68 / min,(100% of production),,Alternate: Heavy Oil Residue,,https://www.satisfactorytools.com/assets/images/items/heavy-oil-residue_64.png,(98.235% of consumption),Residual Rubber,,https://www.satisfactorytools.com/assets/images/items/polymer-resin_64.png,4173.68 / min,75 / min,(1.765% of consumption),https://www.satisfactorytools.com/assets/images/items/fabric_64.png,Alternate: Polyester Fabric,,,,,https://www.satisfactorytools.com/assets/images/items/rubber_64.png,,,,,,,,,,,,,,,,,,,,,
Power Shard,https://www.satisfactorytools.com/assets/images/items/power-shard_64.png,215.714 / min,30 / min,185.714 / min,215.714 / min,(100% of production),,Synthetic Power Shard,,https://www.satisfactorytools.com/assets/images/items/power-shard_64.png,,,,https://www.satisfactorytools.com/assets/images/items/dark-matter-residue_64.png,,30 / min,(100% of consumption),https://www.satisfactorytools.com/assets/images/items/alien-power-matrix_64.png,Alien Power Matrix,,,,,,,,,,,https://www.satisfactorytools.com/assets/images/items/dark-matter-residue_64.png,,,,,,,,,,,,,,,
Pressure Conversion Cube,https://www.satisfactorytools.com/assets/images/items/pressure-conversion-cube_64.png,74 / min,74 / min,0 / min,74 / min,(100% of production),,Pressure Conversion Cube,,https://www.satisfactorytools.com/assets/images/items/pressure-conversion-cube_64.png,(79.73% of consumption),Nuclear Pasta,,https://www.satisfactorytools.com/assets/images/items/nuclear-pasta_64.png,59 / min,15 / min,(20.27% of consumption),https://www.satisfactorytools.com/assets/images/items/plutonium-fuel-rod_64.png,Alternate: Plutonium Fuel Unit,,,,,,,,,,,,,,,,,,,,,,,,,,
Quartz Crystal,https://www.satisfactorytools.com/assets/images/items/quartz-crystal_64.png,4962.567 / min,4932.567 / min,30 / min,2071.597 / min,(41.744% of production),,2343.993 / min,,https://www.satisfactorytools.com/assets/images/items/crystal-oscillator_64.png,(47.521% of consumption),2890.97 / min,(58.256% of production),https://www.satisfactorytools.com/assets/images/items/quartz-crystal_64.png,Alternate: Quartz Purification,2588.574 / min,(52.479% of consumption),https://www.satisfactorytools.com/assets/images/items/quartz-crystal_64.png,Synthetic Power Shard,,Alternate: Insulated Crystal Oscillator,,,https://www.satisfactorytools.com/assets/images/items/dark-matter-residue_64.png,,,,,,https://www.satisfactorytools.com/assets/images/items/dissolved-silica_64.png,,,Alternate: Pure Quartz Crystal,,,,,,,,,,,,https://www.satisfactorytools.com/assets/images/items/power-shard_64.png
Quickwire,https://www.satisfactorytools.com/assets/images/items/quickwire_64.png,31216.411 / min,31186.435 / min,29.976 / min,31216.411 / min,(100% of production),,Alternate: Fused Quickwire,,https://www.satisfactorytools.com/assets/images/items/quickwire_64.png,(29.567% of consumption),Alternate: Plastic AI Limiter,,https://www.satisfactorytools.com/assets/images/items/ai-limiter_64.png,9221.004 / min,120 / min,(0.385% of consumption),https://www.satisfactorytools.com/assets/images/items/iodine-infused-filter_64.png,Iodine-Infused Filter,(20.201% of consumption),Alternate: Infused Uranium Cell,6300 / min,(9.379% of consumption),https://www.satisfactorytools.com/assets/images/items/encased-uranium-cell_64.png,Alternate: Silicon High-Speed Connector,2925 / min,(16.879% of consumption),https://www.satisfactorytools.com/assets/images/items/high-speed-connector_64.png,Alternate: Caterium Computer,,https://www.satisfactorytools.com/assets/images/items/computer_64.png,5264.018 / min,(23.589% of consumption),https://www.satisfactorytools.com/assets/images/items/circuit-board_64.png,Alternate: Caterium Circuit Board,7356.413 / min,,,,,,,,,
Radio Control Unit,https://www.satisfactorytools.com/assets/images/items/radio-control-unit_64.png,218 / min,208 / min,10 / min,218 / min,(100% of production),,Radio Control Unit,,https://www.satisfactorytools.com/assets/images/items/radio-control-unit_64.png,(71.154% of consumption),Pressure Conversion Cube,,https://www.satisfactorytools.com/assets/images/items/pressure-conversion-cube_64.png,148 / min,60 / min,(28.846% of consumption),https://www.satisfactorytools.com/assets/images/items/turbo-motor_64.png,Alternate: Turbo Electric Motor,,,,,,,,,,,,,,,,,,,,,,,,,,
Reanimated SAM,https://www.satisfactorytools.com/assets/images/items/reanimated-sam_64.png,2550.001 / min,2550.001 / min,0 / min,2550.001 / min,(100% of production),,Reanimated SAM,,https://www.satisfactorytools.com/assets/images/items/reanimated-sam_64.png,(15.294% of consumption),SAM Fluctuator,,https://www.satisfactorytools.com/assets/images/items/sam-fluctuator_64.png,390 / min,116.247 / min,(4.559% of consumption),https://www.satisfactorytools.com/assets/images/items/bauxite_64.png,Bauxite (Copper),(78.693% of consumption),Ficsite Ingot (Aluminum),2006.667 / min,(1.454% of consumption),https://www.satisfactorytools.com/assets/images/items/ficsite-ingot_64.png,Bauxite (Caterium),37.087 / min,,https://www.satisfactorytools.com/assets/images/items/bauxite_64.png,,,,,,,,,,,,,,,,,
Reinforced Iron Plate,https://www.satisfactorytools.com/assets/images/items/reinforced-iron-plate_64.png,634.747 / min,604.75 / min,29.997 / min,634.747 / min,(100% of production),,Alternate: Stitched Iron Plate,,https://www.satisfactorytools.com/assets/images/items/reinforced-iron-plate_64.png,(4.134% of consumption),Alternate: Plastic Smart Plating,,https://www.satisfactorytools.com/assets/images/items/smart-plating_64.png,25 / min,579.75 / min,(95.866% of consumption),https://www.satisfactorytools.com/assets/images/items/modular-frame_64.png,Modular Frame,,,,,,,,,,,,,,,,,,,,,,,,,,
Rifle Ammo,https://www.satisfactorytools.com/assets/images/items/rifle-ammo_64.png,30 / min,30 / min,0 / min,30 / min,(100% of production),,Rifle Ammo,,https://www.satisfactorytools.com/assets/images/items/rifle-ammo_64.png,,,,https://www.satisfactorytools.com/assets/images/items/homing-rifle-ammo_64.png,,30 / min,(100% of consumption),,Homing Rifle Ammo,,,,,,,,,,,,,,,,,,,,,,,,,,
Rocket Fuel,https://www.satisfactorytools.com/assets/images/items/rocket-fuel_64.png,30 / min,30 / min,0 / min,30 / min,(100% of production),,Rocket Fuel,,https://www.satisfactorytools.com/assets/images/items/rocket-fuel_64.png,,,,https://www.satisfactorytools.com/assets/images/items/compacted-coal_64.png,,30 / min,(100% of consumption),https://www.satisfactorytools.com/assets/images/items/packaged-rocket-fuel_64.png,Packaged Rocket Fuel,,,,,,,,,,,,,,,,,,,,,,,,,,
Rotor,https://www.satisfactorytools.com/assets/images/items/rotor_64.png,518 / min,503 / min,15 / min,518 / min,(100% of production),,Rotor,,https://www.satisfactorytools.com/assets/images/items/rotor_64.png,(4.97% of consumption),Alternate: Plastic Smart Plating,,https://www.satisfactorytools.com/assets/images/items/smart-plating_64.png,25 / min,168 / min,(33.4% of consumption),https://www.satisfactorytools.com/assets/images/items/uranium-fuel-rod_64.png,Alternate: Uranium Fuel Unit,(52.352% of consumption),Motor,263.333 / min,(9.278% of consumption),https://www.satisfactorytools.com/assets/images/items/motor_64.png,Alternate: Turbo Electric Motor,46.667 / min,,https://www.satisfactorytools.com/assets/images/items/turbo-motor_64.png,,,,,,,,,,,,,,,,,
Rubber,https://www.satisfactorytools.com/assets/images/items/rubber_64.png,9649.06 / min,9589.073 / min,59.987 / min,2086.84 / min,(21.627% of production),,375 / min,,https://www.satisfactorytools.com/assets/images/items/modular-engine_64.png,(3.911% of consumption),7562.22 / min,(78.373% of production),https://www.satisfactorytools.com/assets/images/items/rubber_64.png,Alternate: Recycled Rubber,2256.007 / min,(23.527% of consumption),https://www.satisfactorytools.com/assets/images/items/rubber_64.png,Alternate: Caterium Computer,(1.043% of consumption),Modular Engine,100 / min,(51.906% of consumption),https://www.satisfactorytools.com/assets/images/items/versatile-framework_64.png,Alternate: Flexible Framework,4977.27 / min,(2.503% of consumption),https://www.satisfactorytools.com/assets/images/items/plastic_64.png,Alternate: Recycled Plastic,https://www.satisfactorytools.com/assets/images/items/computer_64.png,https://www.satisfactorytools.com/assets/images/items/heat-sink_64.png,240 / min,Residual Rubber,https://www.satisfactorytools.com/assets/images/items/crystal-oscillator_64.png,Alternate: Heat Exchanger,1640.796 / min,(17.111% of consumption),,Alternate: Insulated Crystal Oscillator,,,,,,
SAM Fluctuator,https://www.satisfactorytools.com/assets/images/items/sam-fluctuator_64.png,65 / min,50 / min,15 / min,65 / min,(100% of production),,SAM Fluctuator,,https://www.satisfactorytools.com/assets/images/items/sam-fluctuator_64.png,,,,https://www.satisfactorytools.com/assets/images/items/alien-power-matrix_64.png,,50 / min,(100% of consumption),https://www.satisfactorytools.com/assets/images/items/dark-matter-residue_64.png,Alien Power Matrix,,,,,,,,,,,,,,,,,,,,,,,,,,
Screw,https://www.satisfactorytools.com/assets/images/items/screw_64.png,12950 / min,12950 / min,0 / min,12950 / min,(100% of production),,Screw,,https://www.satisfactorytools.com/assets/images/items/screw_64.png,,,,https://www.satisfactorytools.com/assets/images/items/rotor_64.png,,12950 / min,(100% of consumption),,Rotor,,,,,,,,,,,,,,,,,,,,,,,,,,
Silica,https://www.satisfactorytools.com/assets/images/items/silica_64.png,5203.737 / min,5173.75 / min,29.987 / min,5203.737 / min,(100% of production),,Alternate: Distilled Silica,,https://www.satisfactorytools.com/assets/images/items/silica_64.png,(32.762% of consumption),Aluminum Ingot,,https://www.satisfactorytools.com/assets/images/items/water_64.png,1695 / min,1218.75 / min,(23.556% of consumption),https://www.satisfactorytools.com/assets/images/items/high-speed-connector_64.png,Alternate: Silicon High-Speed Connector,(19.328% of consumption),Non-Fissile Uranium,1000 / min,(24.354% of consumption),https://www.satisfactorytools.com/assets/images/items/aluminum-ingot_64.png,Alternate: Infused Uranium Cell,1260 / min,,https://www.satisfactorytools.com/assets/images/items/non-fissile-uranium_64.png,,,https://www.satisfactorytools.com/assets/images/items/water_64.png,,,https://www.satisfactorytools.com/assets/images/items/encased-uranium-cell_64.png,,,,,,,,,,,
Singularity Cell,https://www.satisfactorytools.com/assets/images/items/singularity-cell_64.png,190 / min,150 / min,40 / min,190 / min,(100% of production),,Singularity Cell,,https://www.satisfactorytools.com/assets/images/items/singularity-cell_64.png,(66.667% of consumption),Ficsonium,,https://www.satisfactorytools.com/assets/images/items/ficsonium_64.png,100 / min,50 / min,(33.333% of consumption),https://www.satisfactorytools.com/assets/images/items/ballistic-warp-drive_64.png,Ballistic Warp Drive,,,,,,,,,,,,,,,,,,,,,,,,,,
Smart Plating,https://www.satisfactorytools.com/assets/images/items/smart-plating_64.png,50 / min,50 / min,0 / min,50 / min,(100% of production),,Alternate: Plastic Smart Plating,,https://www.satisfactorytools.com/assets/images/items/smart-plating_64.png,,,,https://www.satisfactorytools.com/assets/images/items/modular-engine_64.png,,50 / min,(100% of consumption),,Modular Engine,,,,,,,,,,,,,,,,,,,,,,,,,,
Smokeless Powder,https://www.satisfactorytools.com/assets/images/items/smokeless-powder_64.png,4 / min,4 / min,0 / min,4 / min,(100% of production),,Smokeless Powder,,https://www.satisfactorytools.com/assets/images/items/smokeless-powder_64.png,,,,https://www.satisfactorytools.com/assets/images/items/rifle-ammo_64.png,,4 / min,(100% of consumption),,Rifle Ammo,,,,,,,,,,,,,,,,,,,,,,,,,,
Stator,https://www.satisfactorytools.com/assets/images/items/stator_64.png,830.333 / min,830.333 / min,0 / min,830.333 / min,(100% of production),,Stator,,https://www.satisfactorytools.com/assets/images/items/stator_64.png,(31.714% of consumption),Motor,,https://www.satisfactorytools.com/assets/images/items/motor_64.png,263.333 / min,467 / min,(56.242% of consumption),https://www.satisfactorytools.com/assets/images/items/electromagnetic-control-rod_64.png,Electromagnetic Control Rod,(12.043% of consumption),Automated Wiring,100 / min,,https://www.satisfactorytools.com/assets/images/items/automated-wiring_64.png,,,,,,,,,,,,,,,,,,,,,
Steel Beam,https://www.satisfactorytools.com/assets/images/items/steel-beam_64.png,135 / min,75 / min,60 / min,135 / min,(100% of production),,Steel Beam,,https://www.satisfactorytools.com/assets/images/items/steel-beam_64.png,,,,https://www.satisfactorytools.com/assets/images/items/versatile-framework_64.png,,75 / min,(100% of consumption),,Alternate: Flexible Framework,,,,,,,,,,,,,,,,,,,,,,,,,,
Steel Ingot,https://www.satisfactorytools.com/assets/images/items/steel-ingot_64.png,2591.622 / min,2591.622 / min,0 / min,2591.622 / min,(100% of production),,Alternate: Solid Steel Ingot,,https://www.satisfactorytools.com/assets/images/items/steel-ingot_64.png,(79.164% of consumption),Alternate: Steel Rod,,https://www.satisfactorytools.com/assets/images/items/iron-rod_64.png,2051.628 / min,539.994 / min,(20.836% of consumption),https://www.satisfactorytools.com/assets/images/items/steel-beam_64.png,Steel Beam,,,,,,,,,,,,,,,,,,,,,,,,,,
Steel Pipe,https://www.satisfactorytools.com/assets/images/items/steel-pipe_64.png,7084 / min,7024.005 / min,59.995 / min,7084 / min,(100% of production),,Alternate: Iron Pipe,,https://www.satisfactorytools.com/assets/images/items/steel-pipe_64.png,(2.776% of consumption),SAM Fluctuator,,https://www.satisfactorytools.com/assets/images/items/sam-fluctuator_64.png,195 / min,30 / min,(0.427% of consumption),https://www.satisfactorytools.com/assets/images/items/nobelisk_64.png,Nobelisk,(35.464% of consumption),Stator,2491.005 / min,(39.294% of consumption),https://www.satisfactorytools.com/assets/images/items/stator_64.png,Alternate: Encased Industrial Pipe,2760 / min,(22.039% of consumption),https://www.satisfactorytools.com/assets/images/items/encased-industrial-beam_64.png,Alternate: Heavy Encased Frame,,https://www.satisfactorytools.com/assets/images/items/heavy-modular-frame_64.png,1548 / min,,,,,,,,,,,,,
Sulfuric Acid,https://www.satisfactorytools.com/assets/images/items/sulfuric-acid_64.png,600 / min,600 / min,0 / min,600 / min,(100% of production),,Sulfuric Acid,,https://www.satisfactorytools.com/assets/images/items/sulfuric-acid_64.png,,,,https://www.satisfactorytools.com/assets/images/items/non-fissile-uranium_64.png,,600 / min,(100% of consumption),https://www.satisfactorytools.com/assets/images/items/water_64.png,Non-Fissile Uranium,,,,,,,,,,,,,,,,,,,,,,,,,,
Supercomputer,https://www.satisfactorytools.com/assets/images/items/supercomputer_64.png,27 / min,22 / min,5 / min,27 / min,(100% of production),,Supercomputer,,https://www.satisfactorytools.com/assets/images/items/supercomputer_64.png,(54.545% of consumption),Neural-Quantum Processor,,https://www.satisfactorytools.com/assets/images/items/neural-quantum-processor_64.png,12 / min,10 / min,(45.455% of consumption),https://www.satisfactorytools.com/assets/images/items/assembly-director-system_64.png,Assembly Director System,,,,,https://www.satisfactorytools.com/assets/images/items/dark-matter-residue_64.png,,,,,,,,,,,,,,,,,,,,,
Superposition Oscillator,https://www.satisfactorytools.com/assets/images/items/superposition-oscillator_64.png,65 / min,60 / min,5 / min,65 / min,(100% of production),,Superposition Oscillator,,https://www.satisfactorytools.com/assets/images/items/superposition-oscillator_64.png,(16.667% of consumption),AI Expansion Server,,https://www.satisfactorytools.com/assets/images/items/dark-matter-residue_64.png,10 / min,30 / min,(50% of consumption),https://www.satisfactorytools.com/assets/images/items/alien-power-matrix_64.png,Alien Power Matrix,(33.333% of consumption),Ballistic Warp Drive,20 / min,,https://www.satisfactorytools.com/assets/images/items/ai-expansion-server_64.png,,,,https://www.satisfactorytools.com/assets/images/items/dark-matter-residue_64.png,,https://www.satisfactorytools.com/assets/images/items/dark-matter-residue_64.png,https://www.satisfactorytools.com/assets/images/items/ballistic-warp-drive_64.png,,,,,,,,,,,,,,
Thermal Propulsion Rocket,https://www.satisfactorytools.com/assets/images/items/thermal-propulsion-rocket_64.png,10 / min,10 / min,0 / min,10 / min,(100% of production),,Thermal Propulsion Rocket,,https://www.satisfactorytools.com/assets/images/items/thermal-propulsion-rocket_64.png,,,,https://www.satisfactorytools.com/assets/images/items/ballistic-warp-drive_64.png,,10 / min,(100% of consumption),,Ballistic Warp Drive,,,,,,,,,,,,,,,,,,,,,,,,,,
Time Crystal,https://www.satisfactorytools.com/assets/images/items/time-crystal_64.png,1307.142 / min,1292.144 / min,14.998 / min,1307.142 / min,(100% of production),,Time Crystal,,https://www.satisfactorytools.com/assets/images/items/time-crystal_64.png,(4.643% of consumption),Neural-Quantum Processor,,https://www.satisfactorytools.com/assets/images/items/neural-quantum-processor_64.png,60 / min,431.429 / min,(33.389% of consumption),https://www.satisfactorytools.com/assets/images/items/power-shard_64.png,Synthetic Power Shard,(61.968% of consumption),Alternate: Dark Matter Trap,800.715 / min,,https://www.satisfactorytools.com/assets/images/items/dark-matter-residue_64.png,,,,https://www.satisfactorytools.com/assets/images/items/dark-matter-crystal_64.png,,https://www.satisfactorytools.com/assets/images/items/dark-matter-residue_64.png,,,,,,,,,,,,,,,
Turbo Motor,https://www.satisfactorytools.com/assets/images/items/turbo-motor_64.png,20 / min,10 / min,10 / min,20 / min,(100% of production),,Alternate: Turbo Electric Motor,,https://www.satisfactorytools.com/assets/images/items/turbo-motor_64.png,,,,https://www.satisfactorytools.com/assets/images/items/thermal-propulsion-rocket_64.png,,10 / min,(100% of consumption),,Thermal Propulsion Rocket,,,,,,,,,,,,,,,,,,,,,,,,,,
Turbofuel,https://www.satisfactorytools.com/assets/images/items/turbofuel_64.png,1760.858 / min,1760.858 / min,0 / min,1760.858 / min,(100% of production),,Alternate: Turbo Blend Fuel,,https://www.satisfactorytools.com/assets/images/items/turbofuel_64.png,(1.022% of consumption),Rocket Fuel,,https://www.satisfactorytools.com/assets/images/items/rocket-fuel_64.png,18 / min,1742.858 / min,(98.978% of consumption),https://www.satisfactorytools.com/assets/images/items/packaged-turbofuel_64.png,Packaged Turbofuel,,,,,https://www.satisfactorytools.com/assets/images/items/compacted-coal_64.png,,,,,,,,,,,,,,,,,,,,,
Uranium Fuel Rod,https://www.satisfactorytools.com/assets/images/items/uranium-fuel-rod_64.png,50.4 / min,0 / min,50.4 / min,50.4 / min,(100% of production),,Alternate: Uranium Fuel Unit,,https://www.satisfactorytools.com/assets/images/items/uranium-fuel-rod_64.png,,,,,,,,,,,,,,,,,,,,,,,,,,,,,,,,,,,
Uranium Waste,https://www.satisfactorytools.com/assets/images/items/uranium-waste_64.png,0 / min,2000 / min,-2000 / min,2000 / min,,Input,1500 / min,,https://www.satisfactorytools.com/assets/images/items/non-fissile-uranium_64.png,(75% of consumption),Non-Fissile Uranium,,https://www.satisfactorytools.com/assets/images/items/water_64.png,,500 / min,(25% of consumption),https://www.satisfactorytools.com/assets/images/items/plutonium-pellet_64.png,Plutonium Pellet,,,,,,,,,,,,,,,,,,,,,,,,,,
Versatile Framework,https://www.satisfactorytools.com/assets/images/items/versatile-framework_64.png,25 / min,25 / min,0 / min,25 / min,(100% of production),,Alternate: Flexible Framework,,https://www.satisfactorytools.com/assets/images/items/versatile-framework_64.png,,,,https://www.satisfactorytools.com/assets/images/items/magnetic-field-generator_64.png,,25 / min,(100% of consumption),,Magnetic Field Generator,,,,,,,,,,,,,,,,,,,,,,,,,,
Wire,https://www.satisfactorytools.com/assets/images/items/wire_64.png,15499.328 / min,15439.33 / min,59.998 / min,15499.328 / min,(100% of production),,Alternate: Iron Wire,,https://www.satisfactorytools.com/assets/images/items/wire_64.png,(2.105% of consumption),SAM Fluctuator,,https://www.satisfactorytools.com/assets/images/items/sam-fluctuator_64.png,325 / min,4060 / min,(26.296% of consumption),https://www.satisfactorytools.com/assets/images/items/cable_64.png,Cable,(43.024% of consumption),Stator,6642.68 / min,(1.166% of consumption),https://www.satisfactorytools.com/assets/images/items/stator_64.png,Alternate: Classic Battery,180 / min,(27.408% of consumption),https://www.satisfactorytools.com/assets/images/items/battery_64.png,Alternate: Stitched Iron Plate,,https://www.satisfactorytools.com/assets/images/items/reinforced-iron-plate_64.png,4231.65 / min,,,,,,,,,,,,,
